"X","Y","Z","TimeStep1 - temperature"
0.0,0.0,0.0,-9.61730695081395e-14
1.0,0.0,0.0,100.72649618453542
1.0,1.0,0.0,100.00000000000003
0.0,1.0,0.0,-4.21249209188535
0.07142857142857166,0.0,0.0,1.984504680479699
0.1428571428571433,0.0,0.0,8.944655384077855
0.214285714285715,0.0,0.0,-1.4755859276261696
0.2857142857142866,0.0,0.0,-26.834860613314312
0.3571428571428583,0.0,0.0,-72.41523990684773
0.42857142857143,0.0,0.0,-53.75443060715101
0.5000000000000017,0.0,0.0,-38.034969605955546
0.5714285714285733,0.0,0.0,-101.56955149751927
0.6428571428571449,0.0,0.0,-35.07580146532885
0.7142857142857159,0.0,0.0,94.028097014072
0.7857142857142868,0.0,0.0,50.61148478224687
0.8571428571428579,0.0,0.0,56.31628155870014
0.928571428571429,0.0,0.0,55.748343342251694
0.4642857142857159,0.0,0.0,-8790278753789831.0
0.3214285714285725,0.0,0.0,-8790278753789857.0
0.1785714285714292,0.0,0.0,-8790278753789906.0
0.2500000000000008,0.0,0.0,-8790278753789888.0
0.3928571428571441,0.0,0.0,-8790278753789819.0
0.7500000000000013,0.0,0.0,-8790278753789954.0
0.8214285714285724,0.0,0.0,-8790278753789960.0
0.03571428571428583,0.0,0.0,-8790278753789897.0
0.1071428571428575,0.0,0.0,-8790278753789903.0
0.5357142857142875,0.0,0.0,-8790278753789869.0
0.6071428571428592,0.0,0.0,-8790278753789807.0
0.6785714285714303,0.0,0.0,-8790278753789981.0
0.8928571428571435,0.0,0.0,-8790278753789974.0
0.9642857142857144,0.0,0.0,-8790278753790039.0
1.0,0.07142857142857166,0.0,100.0
1.0,0.1428571428571433,0.0,100.0
1.0,0.214285714285715,0.0,100.0
1.0,0.2857142857142866,0.0,100.0
1.0,0.3571428571428583,0.0,100.0
1.0,0.42857142857143,0.0,100.0
1.0,0.5000000000000017,0.0,100.0
1.0,0.5714285714285733,0.0,100.0
1.0,0.6428571428571449,0.0,100.0
1.0,0.7142857142857159,0.0,100.0
1.0,0.7857142857142868,0.0,100.0
1.0,0.8571428571428579,0.0,100.0
1.0,0.928571428571429,0.0,100.0
1.0,0.3214285714285725,0.0,100.0
1.0,0.3928571428571441,0.0,100.0
1.0,0.4642857142857159,0.0,100.0
1.0,0.2500000000000008,0.0,100.0
1.0,0.1785714285714292,0.0,100.0
1.0,0.7500000000000013,0.0,100.0
1.0,0.1071428571428575,0.0,100.0
1.0,0.6785714285714303,0.0,100.0
1.0,0.8214285714285724,0.0,100.0
1.0,0.9642857142857144,0.0,100.0
1.0,0.6071428571428592,0.0,100.0
1.0,0.5357142857142875,0.0,100.0
1.0,0.8928571428571435,0.0,100.0
1.0,0.03571428571428583,0.0,100.0
0.9285714285714284,1.0,0.0,87.96399617594231
0.8571428571428567,1.0,0.0,73.60297990028184
0.785714285714285,1.0,0.0,55.25133716976681
0.7142857142857133,1.0,0.0,76.38512995505168
0.6428571428571417,1.0,0.0,63.580960065508705
0.5714285714285701,1.0,0.0,-16.790373037819013
0.4999999999999983,1.0,0.0,147.56839991806072
0.4285714285714267,1.0,0.0,128.22506574082465
0.3571428571428551,1.0,0.0,123.55462631527853
0.2857142857142841,1.0,0.0,119.99420589294093
0.2142857142857132,1.0,0.0,-15.993124755207653
0.1428571428571421,1.0,0.0,-25.249850112456752
0.07142857142857095,1.0,0.0,-15.456260549021575
0.8214285714285708,1.0,0.0,-2541634472242392.0
0.6785714285714275,1.0,0.0,-2541634472242475.5
0.7499999999999991,1.0,0.0,-2541634472242529.5
0.4642857142857125,1.0,0.0,-2541634472242496.5
0.3214285714285697,1.0,0.0,-2541634472242491.0
0.2499999999999987,1.0,0.0,-2541634472242389.5
0.1785714285714276,1.0,0.0,-2541634472242357.0
0.6071428571428559,1.0,0.0,-2541634472242472.0
0.8928571428571425,1.0,0.0,-2541634472242408.0
0.1071428571428565,1.0,0.0,-2541634472242352.0
0.03571428571428559,1.0,0.0,-2541634472242335.0
0.9642857142857142,1.0,0.0,-2541634472242404.5
0.5357142857142841,1.0,0.0,-2541634472242493.5
0.3928571428571408,1.0,0.0,-2541634472242484.5
0.0,0.9285714285714284,0.0,0.0
0.0,0.8571428571428567,0.0,0.0
0.0,0.785714285714285,0.0,0.0
0.0,0.7142857142857133,0.0,0.0
0.0,0.6428571428571417,0.0,0.0
0.0,0.5714285714285701,0.0,0.0
0.0,0.4999999999999983,0.0,0.0
0.0,0.4285714285714267,0.0,0.0
0.0,0.3571428571428551,0.0,0.0
0.0,0.2857142857142841,0.0,0.0
0.0,0.2142857142857132,0.0,0.0
0.0,0.1428571428571421,0.0,0.0
0.0,0.07142857142857095,0.0,0.0
0.0,0.2499999999999987,0.0,0.0
0.0,0.3214285714285697,0.0,0.0
0.0,0.8214285714285708,0.0,0.0
0.0,0.5357142857142841,0.0,0.0
0.0,0.7499999999999991,0.0,0.0
0.0,0.6785714285714275,0.0,0.0
0.0,0.6071428571428559,0.0,0.0
0.0,0.4642857142857125,0.0,0.0
0.0,0.8928571428571425,0.0,0.0
0.0,0.9642857142857142,0.0,0.0
0.0,0.03571428571428559,0.0,0.0
0.0,0.3928571428571408,0.0,0.0
0.0,0.1071428571428565,0.0,0.0
0.0,0.1785714285714276,0.0,0.0
0.9285748706820552,0.5000032187201116,0.0,-3113740762774663.5
0.07142871701815845,0.5714285984219518,0.0,-4.952413092643712e+16
0.5000001369011666,0.07142861161602482,0.0,-3.5380969002091504e+16
0.07142865324157582,0.3571428722410648,0.0,-1.2374969156359668e+16
0.6428574647778644,0.9285716761207923,0.0,-2.276847163294893e+16
0.2857143683803029,0.9285714595585939,0.0,4136459188769779.5
0.9285717766614725,0.7142860538696686,0.0,1.404522040561338e+16
0.2857142978892965,0.07142857395377405,0.0,6.368942868255136e+16
0.928571568693149,0.2142858407201619,0.0,-2.7019777351128548e+16
0.07142857562196747,0.2142857150489749,0.0,-9151241285853418.0
0.7142857640967135,0.07142860225912018,0.0,7.314944810595435e+16
0.07142857196439323,0.8571428572823496,0.0,-1.6243338827074024e+16
0.7857143347369763,0.9285714713960849,0.0,-2.0751812772988376e+16
0.4285716954966851,0.9285715520682671,0.0,628731559514897.4
0.07142857144160947,0.07142857143095532,0.0,2.4073905388363476e+16
0.8571428640500696,0.9285714350396927,0.0,-2.207928539311408e+16
0.9285714292956171,0.07142857212255932,0.0,5.588766136139094e+16
0.9285715020519898,0.7857143572176166,0.0,-9329245833642184.0
0.9285714388260591,0.8571428671160134,0.0,2.32070487283853e+16
0.1428571450428333,0.9285714293501528,0.0,-1980182732353818.8
0.5000003038911977,0.9285716017164416,0.0,2.358874055852415e+16
0.928572081530272,0.2857148785804643,0.0,-7894737437414511.0
0.07142857488473286,0.7857142864363059,0.0,-7769171345732620.0
0.07142859633271365,0.7142857190580538,0.0,-3.1900693043039148e+16
0.6428572623924511,0.07142862810656275,0.0,7434919972331666.0
0.9285732944425897,0.3571445667342736,0.0,-2.3955316906675664e+16
0.9285739277828029,0.5714309358682802,0.0,-1512358108292204.0
0.214285717391518,0.07142857201936764,0.0,4.700749592740728e+16
0.4285715309472249,0.07142859762258813,0.0,3.028283217815301e+16
0.07142875803464294,0.5000000345347675,0.0,-5.522134576687634e+16
0.07142857148027526,0.9285714285894879,0.0,-1.9445664094583656e+16
0.9285714291260807,0.9285714291147225,0.0,-3.2292531416977876e+16
0.8571428615712066,0.07142857529029023,0.0,2.2404275252460404e+16
0.8571712950137167,0.5714542976495232,0.0,1.249159239030258e+16
0.142861029007018,0.5714293362020927,0.0,-8094494634998763.0
0.5000044347251873,0.1428585312655299,0.0,3.3612969856304796e+16
0.8571485408023007,0.2857189573881798,0.0,-1.2529768008233628e+16
0.4285770287045395,0.8571452297210693,0.0,-8128116340675516.0
0.7142872296625858,0.1428580328790496,0.0,1.6111891404224244e+16
0.1428572723920869,0.7857143147730475,0.0,1.0613904783573954e+16
0.2142858208057998,0.1428571632370515,0.0,1.5486249043659752e+16
0.8571476274440948,0.7142901575882097,0.0,-7654697488177697.0
0.7857150518851231,0.8571435175982031,0.0,-2.4035185825970316e+16
0.1428571640978791,0.8571428629299376,0.0,1.4095437939620436e+16
0.8571438310377999,0.7857151842956799,0.0,-2.5089253844510444e+16
0.8571429687334269,0.1428572350462581,0.0,7.192954255525055e+16
0.1428571432835088,0.07142857150776633,0.0,5.356332634621875e+16
0.07142875418370737,0.4285714625205033,0.0,-3.5521892133900456e+16
0.3571430478898461,0.9285715051942924,0.0,-8916215399740425.0
0.5714289172404808,0.9285716648283016,0.0,3.453706000903756e+16
0.07142865610581722,0.6428571586517858,0.0,-4.7271766143687464e+16
0.3571429047839743,0.07142858270448277,0.0,5.858703639540852e+16
0.9285714439436978,0.1428571570042275,0.0,8.513503983742246e+16
0.9285747304218706,0.4285744767973061,0.0,-1.1034318288611816e+16
0.7142859020141387,0.9285715817825202,0.0,541300525287156.06
0.5714287111599622,0.07142862349109019,0.0,1.4184539784170722e+16
0.9285725599464847,0.6428582344519012,0.0,-2.328443709645076e+16
0.2142857369763049,0.9285714368223754,0.0,7.872958921358026e+16
0.07142859712765104,0.2857142904124463,0.0,3000941070395018.0
0.7857143043987879,0.07142858568221833,0.0,3.3120814430950028e+16
0.07142857181710377,0.1428571429279406,0.0,-6020663113861566.0
0.8571429737980971,0.857142965382655,0.0,-2.2439405968056684e+16
0.1428591720473115,0.6428575431319072,0.0,-3816309652985005.0
0.5714353036633252,0.8571471023304698,0.0,3.696281030839201e+16
0.7142887408885216,0.8571452423003749,0.0,-1.4358680612742674e+16
0.5714330176531556,0.1428588313092176,0.0,3.3748798926327396e+16
0.142859308338422,0.3571432729045958,0.0,-1.359236054894662e+16
0.14286180877202,0.5000009128163697,0.0,-3725514182083921.5
0.2142859310164464,0.8571429209760526,0.0,1.4087955933253808e+16
0.3571459558694785,0.857143998020303,0.0,-2.1401757815145364e+16
0.1428578253243659,0.2857144144084109,0.0,-1.8134620994733252e+16
0.1428572766720872,0.2142857393107099,0.0,-2.4372074154125132e+16
0.8571439541930634,0.214286609857036,0.0,-1.261319288874139e+16
0.1428578170047113,0.7142858517917936,0.0,1697805906594231.0
0.3571444799361965,0.1428575361446796,0.0,5699925671898173.0
0.4285746545557919,0.1428580213683467,0.0,-7.259015490822413e+16
0.5000066669921259,0.8571462976380491,0.0,2.4370332041830944e+16
0.2857147827606701,0.1428572475568408,0.0,-1.1796590992872278e+16
0.857159858175773,0.3571571547403363,0.0,3692494075390246.0
0.8571798412089138,0.5000326604849534,0.0,1.6138460210213064e+16
0.6428601597728134,0.1428585780662845,0.0,3.021042696009794e+16
0.8571576386483177,0.6428707913667179,0.0,1.9601021684407896e+16
0.142857155264988,0.1428571451655435,0.0,-1.5992068856741496e+16
0.7857147948131278,0.1428575022723885,0.0,6.076649909631579e+16
0.7857442077013206,0.7143112258750272,0.0,-8648619767499959.0
0.7857203131446671,0.7857194306127926,0.0,-2.089252238001798e+16
0.2143271388428047,0.5714372696736991,0.0,-1.895176804558611e+16
0.3571619398814807,0.2142903418733662,0.0,-6366376321243914.0
0.357169403755648,0.7857231313790699,0.0,-4992957287017613.0
0.642895269469614,0.2143038918332902,0.0,2.0960368659392944e+16
0.2143065224877732,0.3571470264828148,0.0,-3065853856925561.0
0.5000689217351174,0.7857472500658615,0.0,-1322047938066501.0
0.7858881631095122,0.5715720047766978,0.0,-4391808998045154.5
0.2142873012614913,0.7857146704840698,0.0,-6613294260847374.0
0.2142870980440767,0.214285981701811,0.0,4194445650912541.0
0.7857197531928222,0.2142895088299014,0.0,-2.399367269499062e+16
0.2142930215485454,0.7142873293421956,0.0,-1.453577092823477e+16
0.6428630548334924,0.8571471232542867,0.0,-2.815327539033597e+16
0.1428613365786768,0.4285722451396068,0.0,-2.5876957612745516e+16
0.7857428573793106,0.2857345038511895,0.0,-2.1497442023558044e+16
0.8571748490739395,0.4285989537110714,0.0,-1.3746250186337934e+16
0.5000556470518971,0.214303739301604,0.0,22709800601.907597
0.7858063753831708,0.6429349098167273,0.0,-8952122807801014.0
0.2857153520040019,0.8571432038522944,0.0,2.8585989775838932e+16
0.7143898502906089,0.714364960464226,0.0,-1.6075162199982738e+16
0.7143070409487077,0.7857307269577641,0.0,-2.3222481945816896e+16
0.2143366842745035,0.5000106642649403,0.0,-2.6779640110709024e+16
0.285720649648133,0.2142870601416393,0.0,-2484398506048661.5
0.4286257389853981,0.7857355231338057,0.0,2.2755133310903544e+16
0.5714983741660467,0.7857548367296727,0.0,-4.079225637981575e+16
0.6430966522414816,0.7144427084413065,0.0,-8131708306681696.0
0.6429059848406948,0.7857473864156079,0.0,-3.1779420280045388e+16
0.2143072302665084,0.6428617111466983,0.0,-3348672410906345.5
0.4286109816340848,0.2142967387120531,0.0,-1.0437745443987618e+16
0.7858037479636024,0.3572079757071633,0.0,-1155407776376341.0
0.785929130140106,0.5001707126902498,0.0,-8363217596540306.0
0.571481992714175,0.2143065207484355,0.0,1.334546641396534e+16
0.2143278110628528,0.4285801043327439,0.0,-2.10697002140117e+16
0.2857226260551772,0.7857166254599797,0.0,-1.0357818562452324e+16
0.2142926213071019,0.2857156413055846,0.0,167480082414769.97
0.7143039823097537,0.2142962081106617,0.0,-6853916857644998.0
0.7146050608307221,0.6430966960478004,0.0,-1.715509672639084e+16
0.6435664228234153,0.6433124688379358,0.0,-1.387509559344195e+16
0.28598975334461,0.5000637816942329,0.0,1.2106889069126548e+16
0.5717222241473852,0.2858319093270469,0.0,8185644805302819.0
0.3572726107292568,0.7143251513750413,0.0,-4536921921073423.0
0.3572508504318603,0.2857406147896475,0.0,2981720803463376.5
0.7143811517262049,0.2857703312852893,0.0,4663823434910353.0
0.285825268210025,0.3571672111691324,0.0,5420207571206073.0
0.5003627049309471,0.7144489927870515,0.0,6531809896363649.0
0.5717887376681056,0.7144842786268032,0.0,-7902257895410060.0
0.7858881074116654,0.4287032647122438,0.0,-1.0159394355985176e+16
0.2858302592887212,0.6428850178001666,0.0,-1.6862680819318276e+16
0.4287959939444325,0.2857778130576935,0.0,-5074492541611524.0
0.2857536674974887,0.7142957393071825,0.0,-2.1719247544893212e+16
0.2857489508777417,0.2857217136593119,0.0,9813866284430172.0
0.7148824903662452,0.5718652973420243,0.0,-1.69094171437051e+16
0.6441510475776187,0.5722336234572908,0.0,-1.7649620889634874e+16
0.3575176562723884,0.6429633964100481,0.0,-3701631067189998.0
0.3574902324245585,0.3572287777294176,0.0,1.2075135501435214e+16
0.5010516570140897,0.6433051192354222,0.0,-9398224883230076.0
0.4288407850501642,0.7143839123618105,0.0,8730818653308194.0
0.7145751343834265,0.3573199928554054,0.0,-1.5959288425097964e+16
0.2859382603985787,0.5714811626708419,0.0,-1.459504145309836e+16
0.5003125972426598,0.2858184243418608,0.0,-1119022589806441.2
0.2859357327619771,0.4286214116004885,0.0,1.0598995503295156e+16
0.5724740624409193,0.6434111316550326,0.0,-4097616367656850.5
0.7149979110375642,0.5004967374632286,0.0,-1.5424366526148914e+16
0.6430609302902566,0.2858135404206154,0.0,-7239804301232349.0
0.5723185932025343,0.3575143857753312,0.0,-1.5952819468676972e+16
0.6443588575509,0.5008842389822223,0.0,-1.0420628092704488e+16
0.3578381669935956,0.5716174845894854,0.0,7520780312028814.0
0.4292726214336664,0.357345206281894,0.0,1690296700980270.2
0.4293379014486873,0.6431192506379382,0.0,202966147381006.7
0.5732933840280507,0.5723755094617069,0.0,-1872053367909178.8
0.7148430357387681,0.4289334989744911,0.0,-1.4169252188843872e+16
0.3578223952688427,0.4287448717303848,0.0,2859670416171988.5
0.6434653691298622,0.3574521863334262,0.0,-3.065986931719867e+16
0.4298903330264102,0.4289662896447379,0.0,1.824401177941264e+16
0.5735670273700616,0.5010257566430101,0.0,-1.2908305388015516e+16
0.4299433362606763,0.5718740456008183,0.0,1212333317304808.2
0.3579878939602593,0.5002238279818855,0.0,1.5273817014093846e+16
0.5009513752239197,0.3574702697401031,0.0,-1.793924776031826e+16
0.6440174839920529,0.4292033142744931,0.0,-2411735466546619.5
0.5018641774470495,0.5721819767063715,0.0,2269250191876890.5
0.5017502687153585,0.4292053892372556,0.0,2125104748644078.8
0.573103998225752,0.4293183196547543,0.0,-1.6216636514719112e+16
0.4301896247120814,0.5005071859504977,0.0,-9335302912933420.0
0.5021552118357943,0.5008301846086857,0.0,-6127699870421834.0
0.9642862244701917,0.3571433361066251,0.0,-2.4482207860725064e+16
0.9642858975763249,0.2857144570877522,0.0,-6.005013635028825e+16
0.928572781401851,0.321429800125534,0.0,-3.3063488237991692e+16
0.9642861797338467,0.3214290003040179,0.0,-2.9795524452553212e+16
0.9642865739580536,0.4285722387219716,0.0,-6797049051248092.0
0.9285744644976826,0.3928599220983253,0.0,-2.5265954410333396e+16
0.9642867050237244,0.3928580610878758,0.0,-3421538533730220.0
0.2858907486397906,0.6071850167612817,0.0,-1.7421818250620404e+16
0.2501098890839474,0.5714531692043313,0.0,-2.345446730685406e+16
0.2143209890445796,0.6071504070066218,0.0,-1.26452494266474e+16
0.2500593541352975,0.6428707203163881,0.0,-1.4251294866929634e+16
0.2500914048464625,0.6071637632307804,0.0,-1.4174963245129542e+16
0.9285754424214272,0.4642894310549585,0.0,-1.9630208116080204e+16
0.9642867602956364,0.5000009854697822,0.0,-5805185636794507.0
0.9642870250968185,0.4642869388455735,0.0,-1.2776901372572904e+16
0.8215289519058824,0.5000837987895275,0.0,-1.1269225850064698e+16
0.8571829294190332,0.4643201888051333,0.0,-8820855807716324.0
0.8215127671900605,0.428639199412687,0.0,-1767298341096765.5
0.7859264276304728,0.4644489176582272,0.0,-1.3616987397025276e+16
0.821533755231964,0.4643704257187263,0.0,-3563682739933992.5
0.8571704830541872,0.3928802575524193,0.0,1.7665102254199378e+16
0.8214730286020087,0.3571775187142827,0.0,469161240185586.6
0.7858530546533652,0.3929591155206503,0.0,-1.1921171745160596e+16
0.8214994387846595,0.3929122011884607,0.0,-2346022532558260.0
0.8571428586128338,0.9642857156650139,0.0,-1.243510282405208e+16
0.8214285950301958,0.9285714499424671,0.0,-3.4474215761127416e+16
0.7857142974928901,0.9642857246725747,0.0,-1.7167886849010128e+16
0.8214285799584113,0.9642857219050076,0.0,-1.9542048468930324e+16
0.7142857529573015,0.9642857462134753,0.0,2.2363913480057764e+16
0.6785717438183357,0.9285716781532418,0.0,-2.7229588853405616e+16
0.642857222429384,0.9642857765778274,0.0,6316351797690409.0
0.6785715212104291,0.9642857877547772,0.0,1.8406020475130484e+16
0.4285714460302952,0.0357142900191792,0.0,6.7176236288814376e+16
0.4642858572021088,0.071428610111962,0.0,2899022881660816.5
0.5000000329143669,0.03571429516938662,0.0,7.203573636530413e+16
0.4642857545790516,0.03571429666724218,0.0,6.940896989107584e+16
0.7500001285426514,0.9285715365609504,0.0,-2.785297319164052e+16
0.750000039674583,0.9642857475109086,0.0,-4.942090293051516e+16
0.9642857546800151,0.2142857519577419,0.0,-5531603438584764.0
0.9285718100638075,0.2500003434194908,0.0,-1.2688109082577266e+16
0.9642858534085412,0.2500001273340411,0.0,-2.689999156538922e+16
0.4642902119795435,0.1428584545232672,0.0,-2.403150428709169e+16
0.5000012705711765,0.1071432468165848,0.0,3.370722968056139e+16
0.4285724095263362,0.107143125541112,0.0,9456670464488582.0
0.4642871961866737,0.1071432885483796,0.0,1.0619242496024566e+16
0.07142858623950199,0.2500000027049075,0.0,6271917781895774.0
0.03571428730269394,0.2142857145745494,0.0,-2.0787743926882684e+16
0.03571429085157135,0.2857142866457869,0.0,-2.243278073526641e+16
0.0357142903993482,0.2500000008537493,0.0,-2.6349406307172852e+16
0.8928708666708877,0.4285834747523674,0.0,-1.1419422117814184e+16
0.8928716960958469,0.5000130892753141,0.0,-483710508629704.75
0.8928736794462356,0.4643003056246718,0.0,-1.395161458736131e+16
0.07142862678416101,0.321428581584552,0.0,-4920531560325168.0
0.03571430477806842,0.3571428606245544,0.0,-1.3753202376094482e+16
0.03571430301731721,0.321428574599489,0.0,-1.6128290791836296e+16
0.5000000594461924,0.9642857491948176,0.0,6855680669272829.0
0.4642860554015347,0.9285716026902036,0.0,1.780035462439847e+16
0.4285714990510168,0.9642857481500385,0.0,-963035254089726.1
0.4642858138714327,0.9642857659737643,0.0,1.240730251691728e+16
0.3571428982216631,0.9642857313216471,0.0,-1.1323807542839712e+16
0.3214287258711742,0.9285714878934218,0.0,8019488455982154.0
0.2857143127881606,0.9642857247267209,0.0,4501277763839309.5
0.3214286200991417,0.9642857333968549,0.0,-8633179951114011.0
0.4643386986337087,0.2143016581677576,0.0,-1.1762055649287222e+16
0.5000208241055457,0.1785781043475861,0.0,-7421750045624375.0
0.4285867262974147,0.1785757190085355,0.0,2689020270218494.0
0.4643071981452743,0.1785778950365876,0.0,-2.413815335976164e+16
0.2859843683936604,0.5357778583895825,0.0,1.179972117999749e+16
0.2501351856478036,0.500030036527992,0.0,6350079828201161.0
0.2143403806190243,0.5357259860743665,0.0,-2.3317235530800804e+16
0.2501372024077785,0.5357453099026718,0.0,-2.1228620325921092e+16
0.357142866088402,0.03571428781223657,0.0,6.090368392460002e+16
0.2857142875308243,0.03571428608492966,0.0,6.327484705349727e+16
0.321428601761899,0.0714285781621894,0.0,4.781848500304163e+16
0.321428580497554,0.03571428776493901,0.0,9.044319752016544e+16
0.9642857192261619,0.1428571475281814,0.0,5.778638660139162e+16
0.9285714925235413,0.1785714862280026,0.0,9657913261322658.0
0.9642857398564302,0.1785714519626138,0.0,1.954701080995014e+16
0.1428571429186474,0.03571428572565127,0.0,-7.181875414018373e+16
0.1785714303004779,0.07142857175301648,0.0,7.307092873782085e+16
0.2142857148238781,0.03571428581575237,0.0,-1.6422563546349204e+16
0.178571429088474,0.03571428581174174,0.0,-3.989274951580234e+16
0.2500000075041292,0.0714285728981155,0.0,4.4164306379419016e+16
0.2500000022141854,0.03571428615643518,0.0,3537587605038257.0
0.4645723879331141,0.2858025438659946,0.0,-2473751814630804.5
0.5001530260605223,0.2500505422822663,0.0,-2770022844029747.5
0.4286823043293224,0.2500315127000166,0.0,-9028689721206008.0
0.4644310920240011,0.2500447326805323,0.0,-1.0009418909881058e+16
0.03571428625707973,0.7857142858244776,0.0,3151461158261231.5
0.03571428578807417,0.8571428571618167,0.0,-1.9714945339359724e+16
0.07142857307706019,0.821428571809849,0.0,-1.9682593940057824e+16
0.03571428625176731,0.8214285715472077,0.0,-1.24709817922028e+16
0.465142936491078,0.3574139542321486,0.0,-1.7869986391039406e+16
0.5005901991880133,0.3216293894897828,0.0,-6562713619217040.0
0.4290046094229244,0.3215534857260163,0.0,-844000260861169.6
0.4648234865484058,0.3215978908352341,0.0,-2135633344790933.0
0.2500000553858153,0.9285714488770659,0.0,-7.873189646698275e+16
0.2142857229999033,0.9642857175519752,0.0,2.7883477007656484e+16
0.250000020134905,0.964285721852924,0.0,-6.153756872921145e+16
0.7857716949056945,0.32146934961694,0.0,6506054406891135.0
0.7500591129193033,0.2857521608860019,0.0,-3.059528440847051e+16
0.7144685889296382,0.321537403287869,0.0,-2.820011802847639e+16
0.7501794684922459,0.3572616515249132,0.0,-1.4691460629744498e+16
0.7501159531240726,0.3215030929374149,0.0,-9923698911253140.0
0.0357143129697573,0.5714285764087602,0.0,-2.4808191226982384e+16
0.07142877225923006,0.5357143229572924,0.0,-5.528058824676357e+16
0.03571433227226678,0.500000008547893,0.0,-1.4207705944003342e+16
0.03571434346017643,0.5357142963699688,0.0,-1.7521497684150974e+16
0.9285716210566302,0.750000187749081,0.0,-1.4416010218678548e+16
0.9642857409778294,0.7857143118147287,0.0,-2875116863935958.0
0.9642858079594984,0.7142858062442317,0.0,-6072065470812083.0
0.9642857845026329,0.7500000686536427,0.0,-4039844802311074.0
0.892864582003033,0.3571493015548789,0.0,-1.1796573914216074e+16
0.8928689820277738,0.3928673791937218,0.0,-1.6224218335726562e+16
0.07142858368822003,0.750000002418999,0.0,-1.009862722419016e+16
0.03571429079222249,0.7142857152462501,0.0,-3.3079287599824092e+16
0.03571428981622826,0.7500000007964649,0.0,1165233458745746.2
0.07142863359248453,0.6785714403075148,0.0,-3.7219909579821544e+16
0.03571430556413385,0.6428571465306404,0.0,-2.380886284520645e+16
0.0357143041772352,0.6785714320317966,0.0,-2.6816020468877932e+16
0.1428621858805204,0.5357152795647098,0.0,-360826083902980.1
0.1071442943717709,0.5000002773191478,0.0,-1.4098352780351524e+16
0.1071440383023833,0.5714288003156474,0.0,-2.1901472225331204e+16
0.1071445662637914,0.535714618561224,0.0,-1.9438922347885236e+16
0.07142876332286874,0.6071428934266615,0.0,-5.1326796667748216e+16
0.03571433241859084,0.6071428658699443,0.0,-2.0177162688389264e+16
0.3933836340172974,0.3572843680805423,0.0,1.1287115905760166e+16
0.3930306225796377,0.2857603983865605,0.0,-3076717336881197.5
0.3573598093771917,0.3214826324951341,0.0,7768927005810396.0
0.3931884883469319,0.3215179577010207,0.0,1.0286959064237578e+16
0.2500002891880478,0.1428572005232846,0.0,-1.1971127241119828e+16
0.2857144161692527,0.1071428845113088,0.0,-3234961304121104.0
0.2142857540012699,0.1071428648781023,0.0,4.412316994200107e+16
0.2500001033776346,0.1071428781612381,0.0,4.260352134320428e+16
0.39285728366494,0.07142860780552213,0.0,4.757793916884393e+16
0.3928571744585201,0.03571429370503676,0.0,4.165138359905812e+16
0.8571550225792681,0.3214385020203601,0.0,1.3047371866896536e+16
0.8214442615697082,0.2857260814758379,0.0,-7129151700074095.0
0.8214593227375999,0.3214517633065875,0.0,1.3008790615384014e+16
0.1428605878751006,0.6071435375320307,0.0,-8079272848376738.0
0.1071435452567565,0.6428572769406254,0.0,-2.6496521274669236e+16
0.1071440450433519,0.6071430892533489,0.0,-1.9222790762872028e+16
0.1785915828541306,0.5000041316234697,0.0,-1.931481249677168e+16
0.1785889716354115,0.5714322058558114,0.0,-1.0449989308157788e+16
0.1785935097168639,0.5357188780317781,0.0,-1.4485512375218156e+16
0.357143271600269,0.1071429576811254,0.0,-1.124450548914943e+16
0.3928604474267903,0.1428580111592087,0.0,-4.371690837623373e+16
0.3928581494272528,0.1071431203944289,0.0,-1.015574282516717e+16
0.8928598310028331,0.2857165693537046,0.0,-8914069193995788.0
0.8928625042536757,0.3214331244995515,0.0,-1.0049272996746986e+16
0.2500546662327613,0.3571543535520834,0.0,-132814432647813.14
0.2857844941753978,0.321443925610607,0.0,2934385760648492.5
0.250018787978691,0.2857181845210498,0.0,2891460358625982.0
0.2143005939758829,0.3214315749647333,0.0,6675138900658046.0
0.2500376168463521,0.3214365322977025,0.0,7982415929228013.0
0.1071434496936638,0.3571429693883762,0.0,-4.89327058231784e+16
0.1428586378414369,0.3214288564489517,0.0,-1.7343665499672214e+16
0.1071430988437415,0.2857143311689706,0.0,-2.4339937588735484e+16
0.1071433858158011,0.3214286717520252,0.0,-2.597297634446139e+16
0.7142857249057898,0.03571429220720568,0.0,-2.8748042670232436e+16
0.7500000358125616,0.07142859654770767,0.0,2.5795689552783108e+16
0.7857142909326935,0.03571428963010082,0.0,8096378790618177.0
0.7500000111644127,0.03571429331996823,0.0,-1.5063140440158906e+16
0.3928904321207883,0.2142945083235287,0.0,-5744203304656050.0
0.3571980015492736,0.250013639135538,0.0,-3394941765671252.0
0.3929455874384866,0.250023601953842,0.0,-5547470809588117.0
0.571454567782922,0.8214441249444249,0.0,3.0041820522006984e+16
0.5357913676719258,0.785755030199732,0.0,-4.504013362699668e+16
0.5000274234575963,0.8214420762681878,0.0,7.624795922737432e+16
0.5357233415541842,0.8571479321199428,0.0,5.290293379853501e+16
0.5357464917404359,0.8214459227147424,0.0,3.5704159460683076e+16
0.1071428896164381,0.7857142928181334,0.0,-9477633298663128.0
0.1428575106256306,0.7500000778784772,0.0,9632128532683550.0
0.1071430649791731,0.7142857558449742,0.0,-3.164278631748228e+16
0.1071429960522032,0.7500000287718749,0.0,-7275454755370975.0
0.9642857145505795,0.07142857168705452,0.0,1.474974820582635e+16
0.9285714333560255,0.1071428616252568,0.0,8.22772358801405e+16
0.9642857167021838,0.1071428594055734,0.0,8630407734229181.0
0.964285989919843,0.6428574110448286,0.0,-2.5841402957870864e+16
0.9285722212741617,0.6785721979172135,0.0,-6.094885340918966e+16
0.9642859745638115,0.678571681528176,0.0,1.239334885594209e+16
0.1785804245885978,0.6428590113478185,0.0,2389291273473268.5
0.1785862224068741,0.6071459423148147,0.0,-1.2592321371025254e+16
0.5719811638772111,0.3216543107651965,0.0,-2.5383637561751732e+16
0.5360434388688551,0.2858348439561348,0.0,5088687906516758.0
0.5366753729237761,0.3575078490794555,0.0,-9181510773278672.0
0.5363177835906794,0.3216541670563587,0.0,-1.5082419058790264e+16
0.8928588482909012,0.7142873422865705,0.0,-9066569824980430.0
0.8571454709915607,0.7500024196307113,0.0,-4.992147115460458e+16
0.8928575793389204,0.7857146957561579,0.0,-7998421264917532.0
0.8928582750421621,0.7500010645520827,0.0,-3.769468189815996e+16
0.1428571435984914,0.9642857145684502,0.0,-6116015863284690.0
0.1785714389528483,0.9285714322660032,0.0,2.788655159133487e+16
0.1785714330160562,0.964285715918644,0.0,1.5712468923038586e+16
0.3214297060675431,0.1428574013381819,0.0,-2.669337748228439e+16
0.3214289483721024,0.107142944180587,0.0,7849462616488219.0
0.7857145506460301,0.8928573716598966,0.0,-3.375966150661819e+16
0.750001879359147,0.8571443949830858,0.0,-1.6122618035997608e+16
0.7142867660236816,0.8928579822432663,0.0,-1.9975770993286548e+16
0.7500007615512716,0.892857764093324,0.0,-1.8427929764584876e+16
0.6087518562096587,0.5723319474173723,0.0,-1.5248485205249158e+16
0.5728842035338694,0.6078950075652837,0.0,-4813798587239055.0
0.6080438570383495,0.6433816405950832,0.0,-1.0610261327183528e+16
0.643861896586821,0.6077734629721454,0.0,-1.9098847247877324e+16
0.6083968311581406,0.6078549995424012,0.0,-1.5290553471517478e+16
0.6071432698447069,0.9285717299426256,0.0,1.4649449522159424e+16
0.571428661088174,0.964285777264738,0.0,6.397320208435118e+16
0.6071429794766896,0.9642858040556455,0.0,1.3499376898738824e+16
0.03571432190654045,0.4285714352053486,0.0,-1891335254281516.5
0.07142886950323535,0.4642857703598974,0.0,-4.2231566294754504e+16
0.03571436079941342,0.4642857282578526,0.0,-1.453287840901726e+16
0.9285714839682129,0.8214286243539488,0.0,4.01206386820242e+16
0.9642857200150632,0.8571428626697652,0.0,1737006164620241.8
0.9642857315862754,0.8214285881664116,0.0,-618396253738054.6
0.5714297039130367,0.1071432843836302,0.0,3.3343065371427564e+16
0.5357145722430295,0.07142866710748608,0.0,-1.4906624383105816e+16
0.5357203071705017,0.1428592061807475,0.0,3.9049780133351656e+16
0.5357161110700058,0.1071434811273823,0.0,3.1470670609137396e+16
0.857142857999563,0.03571428648294306,0.0,-2.61455062301976e+16
0.8214285839592996,0.07142858149759057,0.0,1.7184388457239094e+16
0.8214285753664339,0.03571428884497618,0.0,-3221248402141985.5
0.1428588908734982,0.6785717832532883,0.0,-1332460078828209.0
0.1071434239097311,0.6785715413105385,0.0,-3.301148365784452e+16
0.5001804331708839,0.7500835241720295,0.0,-1.3621207431140204e+16
0.4646217377667569,0.71442161958637,0.0,532531119161345.2
0.4287089669166424,0.7500520520585616,0.0,2.434392868764418e+16
0.4643580846072231,0.7857453795206469,0.0,1.3178895608406058e+16
0.4644608853105557,0.750073023153599,0.0,2.2696106507377564e+16
0.5357779004022791,0.214308271640039,0.0,9000272004856649.0
0.5714491346331759,0.1785793272740898,0.0,1.2039741604365088e+16
0.5357394913254655,0.1785803167061851,0.0,172005363482549.9
0.9285714286903396,0.9642857144023391,0.0,-1.1001388598621704e+16
0.8928571455134442,0.928571431121549,0.0,-2.1014759120646204e+16
0.8928571438937998,0.9642857152683165,0.0,-1.825093823395832e+16
0.8571462757189873,0.2500027232641638,0.0,3109091238526610.5
0.8214315642075187,0.21428795322673,0.0,-4.243348321454136e+16
0.7857302663869118,0.2500109584159708,0.0,-4.262234172200096e+16
0.8214372887551542,0.2500063971378067,0.0,-3.004246790192569e+16
0.03571428572146546,0.9285714285739202,0.0,-1.2214369463939998e+16
0.07142857164082872,0.892857142921934,0.0,-2.0772860161041404e+16
0.03571428578809338,0.8928571428778836,0.0,-3.4499493243798068e+16
0.1071428577100406,0.9285714287741865,0.0,-1920560022842886.0
0.07142857147831816,0.9642857143037238,0.0,-1.2987913304890054e+16
0.1071428574651492,0.9642857144034697,0.0,6536559818752531.0
0.03571428572476087,0.9642857142894561,0.0,-2.1756719923547124e+16
0.9642857144545822,0.9285714287382144,0.0,-5734243483420301.0
0.9642857143585591,0.964285714357303,0.0,-9844230544600486.0
0.9285734816300493,0.6071448138618488,0.0,-1.590656747831148e+16
0.9642864330761511,0.5714292572921684,0.0,1099141638036474.4
0.964286384832106,0.6071434982718185,0.0,-913249407773577.0
0.5000022284394181,0.8928583352482067,0.0,1.6247197666934734e+16
0.4642936202995043,0.8571465282843964,0.0,-4004464315358343.5
0.4285733288065741,0.8928579816457847,0.0,-5462252269455067.0
0.4642883463291992,0.8928583990478226,0.0,2908354535839893.5
0.7143382315356639,0.7500399715773964,0.0,-2.5644917693910036e+16
0.6787453426057622,0.7144082257302348,0.0,-1.7846702566736258e+16
0.6429791555218517,0.7500804450076244,0.0,-2.3154935214271932e+16
0.6786105037294579,0.7857421866584053,0.0,-2.704279382081022e+16
0.678664343427874,0.7500651610708672,0.0,-1.3353623633371668e+16
0.6428589821950743,0.8928585023680587,0.0,-3.0910023458739224e+16
0.6785765216817788,0.8571466874575013,0.0,-1.3831957004896394e+16
0.6785733164548781,0.8928585729107991,0.0,-1.812726859413797e+16
0.9285753893219956,0.5357179677731476,0.0,-6850398769564302.0
0.9642869309572694,0.5357154286634267,0.0,-570509711683490.0
0.5357147724017679,0.9285717229190502,0.0,9820508706120194.0
0.5714309429734459,0.8928586493919197,0.0,2.8414391476833788e+16
0.5357172501604548,0.8928588519458317,0.0,5.597383785731275e+16
0.5357144131863445,0.9642857938909365,0.0,-3364994559924027.0
0.3571507966538699,0.1785733921957985,0.0,-2.5800310023758772e+16
0.3928705739646158,0.178574984170127,0.0,-1.7178265848298776e+16
0.4285939622622939,0.8214377390219041,0.0,1.2199150902348698e+16
0.464315351992071,0.8214416858538142,0.0,2093307555568695.2
0.03571428571666585,0.07142857142900261,0.0,94977080479604.05
0.07142857143074555,0.03571428571468227,0.0,-9613183999762552.0
0.03571428571567054,0.03571428571453816,0.0,-4897583020567905.0
0.1071428572518786,0.0714285714486827,0.0,3.758316080338961e+16
0.1071428571923716,0.03571428572345281,0.0,-2.169902852329808e+16
0.6428705479908778,0.1785777865023458,0.0,3.424245458628456e+16
0.607148291011099,0.1428594390247489,0.0,3.475099211295577e+16
0.6071941946926025,0.2143078413168021,0.0,3.1109486800117164e+16
0.6071635801609313,0.1785802643154201,0.0,2.1262811900751052e+16
0.5715762992634761,0.2500584275590281,0.0,1.7024015308821872e+16
0.5358805917669359,0.250060267450484,0.0,-74517594445283.06
0.5714286152163047,0.03571430148782218,0.0,-4.597629065412996e+16
0.5357143512955953,0.03571430748846133,0.0,1265187446275195.8
0.0714285715289319,0.1071428571611717,0.0,1.2369372475860346e+16
0.1071428600763408,0.1428571433986094,0.0,-1.2669038024050484e+16
0.142857146913169,0.1071428578975817,0.0,-1.3601752736625488e+16
0.1071428589180976,0.1071428574723023,0.0,-1.446571472554673e+16
0.5720862652053187,0.6789248865412862,0.0,-6259710858419395.0
0.607463461685061,0.7144775637527816,0.0,-9838389002612572.0
0.6433073913197938,0.678860511773262,0.0,-1.0220348612807028e+16
0.6077216763331263,0.6789103952873164,0.0,-5744729027308302.0
0.679492685558554,0.5720475862633561,0.0,-1.204264573185394e+16
0.6790791065436597,0.6432068113127588,0.0,-1.4241269393375454e+16
0.7147554615589222,0.607486623353356,0.0,-1.803300872049847e+16
0.6792970640605639,0.6076320968937852,0.0,-1.6531147672468106e+16
0.1071428919982377,0.2142857207342626,0.0,-1.570861848476733e+16
0.1428571990285846,0.1785714390405663,0.0,-9263740773183278.0
0.07142857513724243,0.1785714292536419,0.0,-1.0624432804212264e+16
0.1071428798700844,0.1785714327995214,0.0,-1.1592927690487036e+16
0.892857750077547,0.2142862228038013,0.0,-2.115040407307582e+16
0.8928587168039887,0.2500013128538915,0.0,-8080823590794534.0
0.607912267951554,0.35749783314706,0.0,-3.1161059466729524e+16
0.6432379522785779,0.3216172081099445,0.0,-9141602739087948.0
0.6074096825195197,0.2858321899115358,0.0,1.0784954934579876e+16
0.6076300717716383,0.3216479655571397,0.0,-8540717203470850.0
0.0714287628320478,0.392857178591703,0.0,-1.817963001748341e+16
0.03571433583662031,0.3928571521447793,0.0,-1.3597789145631678e+16
0.6071510117850847,0.8571482851523625,0.0,1.952960829967794e+16
0.6071456301978173,0.8928590282788278,0.0,5673756223757301.0
0.8215084962924907,0.5714974147280923,0.0,75907131039702.33
0.8571824746048577,0.5357490431600836,0.0,4.11251555473579e+16
0.7859269999991796,0.5358851755542297,0.0,-6676926017473009.0
0.8215321955662208,0.5358006723548858,0.0,3587072609267031.5
0.21428623367267,0.1785715285588997,0.0,-1.4070106188171916e+16
0.2500035133811586,0.214286421284678,0.0,8025542990690400.0
0.2857167879507092,0.1785719618402457,0.0,-4201805350752184.0
0.250001575851671,0.1785717512375497,0.0,-3992359397028201.0
0.03571428602173737,0.1428571429134916,0.0,1615819883543034.2
0.03571428579190467,0.1071428571570401,0.0,-1626569803959197.5
0.03571428672622151,0.1785714287564269,0.0,-1.3118097483787432e+16
0.6428581608235108,0.1071433281117584,0.0,4.9329267651731704e+16
0.6071431179716303,0.07142868106698586,0.0,1.865497954887502e+16
0.6071444688691936,0.1071435353168773,0.0,4.196390847688044e+16
0.3214426072233081,0.2142889604487525,0.0,-1.091643935105054e+16
0.3214342755874597,0.1785727571273389,0.0,-5552545329883669.0
0.9285714321833232,0.892857146379711,0.0,-1.6078724283127404e+16
0.9642857162477233,0.8928571447633304,0.0,-2.296403763925267e+16
0.1428630077051201,0.4642868744554794,0.0,-7284235316613454.0
0.1071442370501943,0.4285716950666318,0.0,-1.0075550292785518e+16
0.1071447572654693,0.4642860843436165,0.0,-3.486589595870985e+16
0.6428571807149837,0.0357143029769354,0.0,2.3803009650331996e+16
0.6071429191000489,0.03571431160446087,0.0,1.927926968321361e+16
0.1785720427479142,0.7857144279615296,0.0,3184332304845175.0
0.2142897321970871,0.7500009241268558,0.0,-1.2563749374713354e+16
0.1785744268196723,0.7142863545079163,0.0,-3373290441265554.0
0.1785732754173968,0.7500004108598628,0.0,2611053362166925.5
0.3219494077113407,0.5001295373683328,0.0,1.350480636476029e+16
0.3579420962905853,0.4644955687002144,0.0,1.4220759068833296e+16
0.3218459047625318,0.4286724380895509,0.0,8494898766857928.0
0.2859857423486529,0.4643489553270596,0.0,1.3576326837215684e+16
0.3219270177885564,0.4644097743664603,0.0,1.754105689996215e+16
0.2143014974369256,0.678574899641965,0.0,-5258983693886038.0
0.1785780492582367,0.6785728360468541,0.0,230660320580151.6
0.7142861009713295,0.107143086830105,0.0,3.7638610334334136e+16
0.6785715932946897,0.07142865660895914,0.0,5.856838571826563e+16
0.6785744750688353,0.142858721664469,0.0,3.2394544186467156e+16
0.6785723828911928,0.1071433493095439,0.0,2.1384371629705308e+16
0.6796535523526324,0.500692442772928,0.0,-1.9637292903578464e+16
0.6443000049220705,0.5365803568983321,0.0,-2.004993680689798e+16
0.7149732959505852,0.5362001985573929,0.0,-1.740056250404478e+16
0.6796114495870298,0.5363893647098747,0.0,-1.7328867956462966e+16
0.7500010699675794,0.142857829597316,0.0,5.330414439077046e+16
0.7857144618906418,0.1071429796495968,0.0,3.932364946756245e+16
0.7500003691934831,0.1071430922113811,0.0,4.650636162822052e+16
0.250110300059499,0.428595489099798,0.0,2512399370973207.0
0.2143413282384695,0.4642975017366786,0.0,-3.969529647316777e+16
0.2501375571514392,0.464316438517384,0.0,1.0768012456408278e+16
0.8928624634212989,0.6428621567241974,0.0,-2065522509023750.5
0.8571529355652254,0.6785807523122799,0.0,2.5144451562125028e+16
0.8928612591757262,0.6785752862151475,0.0,-1.280507788575355e+16
0.892868563502808,0.5714390183338611,0.0,-4712586451547196.0
0.857167990412149,0.6071655175687609,0.0,1.590532250863959e+16
0.8928670400628191,0.6071519443325109,0.0,-773324431782086.5
0.89285718925939,0.8571429012391887,0.0,-1.288177693180207e+16
0.8571428985151919,0.8928571813853408,0.0,-2.1116931779083516e+16
0.892857164506438,0.8928571632267721,0.0,-1.2176685231053268e+16
0.6785714677549055,0.03571430587515789,0.0,-2.948631116919606e+16
0.142857152303607,0.8928571457793204,0.0,9494299817517434.0
0.107142863249615,0.8571428587675136,0.0,-5077308535807795.0
0.1071428608438757,0.8928571439325481,0.0,25239045445661.883
0.8928571453591447,0.07142857374107264,0.0,1.8680164353639e+16
0.9285714288672157,0.03571428599372478,0.0,-4.8405928991181176e+16
0.8928571436715071,0.0357142864540777,0.0,-2.945590158211068e+16
0.8928571997655199,0.1428571923775701,0.0,5.285541876172778e+16
0.8571434085230417,0.1785718665878263,0.0,4.013156264789038e+16
0.8928574184440812,0.1785716577235737,0.0,3.10697215770802e+16
0.1428575504729425,0.250000076717016,0.0,-2.1056372737612188e+16
0.1071430086310566,0.2500000284203912,0.0,-2.9420811183250972e+16
0.1785715028084272,0.1428571569831316,0.0,-1.2660019938757776e+16
0.178572052040462,0.2142858331646341,0.0,-1.3017385235952968e+16
0.1785717192794015,0.1785714841651578,0.0,-4662109244409978.0
0.9642857144055781,0.03571428582941305,0.0,-2.0538209909297412e+16
0.1785714525847911,0.1071428617299627,0.0,2.491522142840569e+16
0.3928575046766781,0.9285715833326135,0.0,-6483276973664043.0
0.3928572366524045,0.9642857552244923,0.0,-3028992917061788.5
0.3572093422317914,0.7500211364896371,0.0,-1.0612202465017336e+16
0.3929036059913691,0.7857310497574393,0.0,1.9264109626081692e+16
0.3930647445191873,0.7143549755933648,0.0,-1497014868903344.8
0.3929674146598703,0.750038323404919,0.0,8751286292445890.0
0.3571545732932963,0.8214326678435491,0.0,5581119581177460.0
0.3928630534791043,0.8571451654746054,0.0,-1.5252705406092444e+16
0.3928768276131602,0.8214359415157628,0.0,2.6274929357287364e+16
0.714490829286736,0.6787241181352199,0.0,-1.47568930246665e+16
0.6788996950876253,0.6787972923195672,0.0,-1.4033640347371612e+16
0.2143218876247165,0.39286464373769,0.0,-1.476401368032984e+16
0.2858903120143235,0.3928969120592742,0.0,-1968448937559270.2
0.2500903263933474,0.3928768107210591,0.0,-1.281430106916491e+16
0.4659283029965755,0.5720240623260089,0.0,1.0887677816194236e+16
0.4296418568927318,0.6075014248511188,0.0,-520046467843927.56
0.4652200301717495,0.6432144112486207,0.0,4492750181085099.5
0.501462895112004,0.6077520379915363,0.0,2363657720566225.0
0.465573459893838,0.6076248651487636,0.0,8955952087489309.0
0.8928727759522227,0.5357283326208245,0.0,9715144345525484.0
0.8571428909227586,0.1071428854559779,0.0,4232923742141992.5
0.8928571650126709,0.1071428761969629,0.0,1.0625363061215378e+16
0.3214468011718412,0.7857199029096809,0.0,-1.9855273945384076e+16
0.2857182354127388,0.8214297605185426,0.0,3.895748406214289e+16
0.3214311341732161,0.8571437338633143,0.0,-2705559355675523.5
0.3214368345508613,0.821431248412942,0.0,-8651983137269599.0
0.1785893583922063,0.4285750833008117,0.0,-2.9296125548873504e+16
0.1785939275220517,0.4642903549499747,0.0,-3.491968326704149e+16
0.142861335173507,0.392857966261303,0.0,-8342649501085629.0
0.1071442070692202,0.3928574042061081,0.0,-3.9835216218775656e+16
0.5376146402200404,0.572290968363386,0.0,-9366007466009718.0
0.5367960216354132,0.6433713739809558,0.0,8054492841261509.0
0.5372062032888991,0.60783556464385,0.0,-2.6552505037905132e+16
0.8214288988121329,0.1428573895393687,0.0,6.17477196600151e+16
0.8214286897850591,0.1071429450726078,0.0,2.5688340959483776e+16
0.1428572315084157,0.8214285926395932,0.0,1.2259970259850024e+16
0.1071428844609529,0.8214285778205206,0.0,-2058460833226013.8
0.8214289516526183,0.8571431964983298,0.0,-2.626327548871622e+16
0.8214287347676186,0.8928572870737224,0.0,-3.3437911192753772e+16
0.8571433298161383,0.8214290046944178,0.0,-2.1831546261618376e+16
0.8928573633306744,0.8214287769182216,0.0,-5797362273078218.0
0.3938777951165194,0.5717331841714621,0.0,-1188889391845103.2
0.3576849366402378,0.6072945203021126,0.0,495821271202952.44
0.3934278995916792,0.6430362057977674,0.0,-1886364834657224.0
0.3936598963615638,0.6073902108914286,0.0,1652383788351107.5
0.8214719988154318,0.6428953666790509,0.0,-2227440476673160.8
0.7858556073331072,0.6072599279924608,0.0,-1.208033116718974e+16
0.8214976051241377,0.6072019880280178,0.0,-866423685843777.9
0.7857169495594852,0.8214308379832722,0.0,-1.9773775715770924e+16
0.7500139670280044,0.7857254961270328,0.0,-1.6610730853877626e+16
0.7142963365567467,0.8214366782682654,0.0,-1.3539394091647838e+16
0.7500066318092093,0.8214338627669051,0.0,-393108647082271.3
0.4301071783578897,0.5362087574416228,0.0,-5630670884511392.0
0.3940717707469659,0.5003517602851391,0.0,4334719004203121.0
0.3579448781932109,0.5359326840689398,0.0,7522388144170357.0
0.3940101888508585,0.5360570975087653,0.0,4809138396382420.0
0.2857147475637445,0.8928573018630219,0.0,2.4219775325199464e+16
0.2500007231415051,0.8571430776881576,0.0,2.1768759545240012e+16
0.2142858273810041,0.8928571787848397,0.0,5919933543971863.0
0.2500002890324228,0.8928572370043795,0.0,1.7401394310674024e+16
0.3576663159747824,0.3929901157223573,0.0,9014462057272528.0
0.3938497273419508,0.428847548936904,0.0,1.1565900509268502e+16
0.4295859542969933,0.3931581309914534,0.0,1.5149613340066874e+16
0.3936208255418693,0.3930683461836244,0.0,-509625601510687.06
0.1785809392229695,0.3571447554498687,0.0,-6020491627629451.0
0.178586666927312,0.3928602339342276,0.0,-3.728807479880562e+16
0.7500656206346985,0.7143378576583079,0.0,-1.4780873363589344e+16
0.7857310848279909,0.7500140631401345,0.0,-9600111157143732.0
0.7500350339744241,0.7500277686009302,0.0,-2.2552404513922172e+16
0.678727295513384,0.2857971305259923,0.0,-7090716594083346.0
0.6790206281340598,0.3573926672218097,0.0,-3.3605658980807356e+16
0.6788588579009175,0.3215838390268554,0.0,-1.5291037710498244e+16
0.3571441382824945,0.8928576293293288,0.0,-9498329702716794.0
0.3928591221448489,0.8928579415636382,0.0,-1.7971944299202864e+16
0.8214435849214574,0.7142990123873432,0.0,797117991540001.5
0.7857759321504711,0.6786232251143784,0.0,-4944712546547312.0
0.8214592434934211,0.6785981151682199,0.0,-5030837340025894.0
0.8214321177206522,0.7857173785766284,0.0,-9603645686142770.0
0.8214301512028743,0.821429948012872,0.0,-3.670107185940186e+16
0.8214372644046235,0.7500075688293715,0.0,-2.106626854589462e+16
0.7500119362903659,0.2142931987777726,0.0,-2.275673921156351e+16
0.7143365495670448,0.2500291109753501,0.0,7272506186873471.0
0.7500324558544977,0.2500201903622286,0.0,-3.0311481792243656e+16
0.5013514570946186,0.3933359103751596,0.0,-4213785002915504.0
0.4658450878708896,0.4290875312786309,0.0,7263230488224886.0
0.4654904190703091,0.3932498272379478,0.0,-1.6240922140459644e+16
0.321429513786166,0.892857480093865,0.0,-8249054765936831.0
0.1785746136713703,0.2857149076216523,0.0,-6194637048806532.0
0.2142900499282747,0.2500008624933414,0.0,11197812212826.74
0.178573319707813,0.2500003688816623,0.0,-9628698724192308.0
0.178577915075428,0.3214298571487567,0.0,1066047099584240.0
0.642878078466969,0.8214430006079543,0.0,-2.615578301385728e+16
0.6072111703398402,0.7857569031299263,0.0,-3.5495667659671916e+16
0.6071714089176634,0.8214467102303222,0.0,2.6824523251534436e+16
0.6785889001487609,0.8214411502633128,0.0,-2.0536324631702536e+16
0.572708061120893,0.3934085950839666,0.0,-1.470122039190369e+16
0.5374659214460676,0.4292779363677416,0.0,-6581967938443544.0
0.5370598197295848,0.3933848011219597,0.0,-5163316431211337.0
0.7142928465481075,0.1785755123759699,0.0,3.1448094522703372e+16
0.7857168257626557,0.1785731478638148,0.0,1.9101207959676344e+16
0.7500051643519492,0.1785746125891837,0.0,1.0541925479807132e+16
0.2142864667765817,0.8214287681601444,0.0,2.0213658361145484e+16
0.1785715509800229,0.8571428907935454,0.0,1.5669213647092422e+16
0.1785717858359502,0.8214286605036691,0.0,1.5711325810220886e+16
0.5716117089086656,0.7501026045648569,0.0,-1.6900726906153582e+16
0.5361051103302441,0.7144802747684577,0.0,-7921789999079155.0
0.5359148041421404,0.7501019779213229,0.0,-1.969704158364328e+16
0.5006697207666814,0.6788646916058819,0.0,3820181012462808.5
0.5364113265155972,0.6789096606567772,0.0,-1.0396365291095666e+16
0.8214299974932004,0.178572466180815,0.0,3.361648477941934e+16
0.3218585010424151,0.5715388547110309,0.0,-2607844644020594.0
0.321930673638515,0.5358426800758045,0.0,-3476424414735296.5
0.3216596137082443,0.6429182348913345,0.0,-1.5478801259788556e+16
0.3217682257473262,0.6072319187855758,0.0,-1.3745573657773518e+16
0.2857326165586835,0.2500039488630365,0.0,7882981884531469.0
0.2500104624692578,0.2500021763421681,0.0,7262518873665418.0
0.3215013276007964,0.2857312286510127,0.0,6054038412871712.0
0.3214658920037128,0.2500087226896801,0.0,1067434933621684.1
0.6073101302003091,0.7501010025895352,0.0,-2.2264709214149244e+16
0.2500201789994022,0.7142905081325117,0.0,-2.891780779395112e+16
0.2857928898701334,0.678591167259156,0.0,-2.1307371908414376e+16
0.2500408455434953,0.6785810965274117,0.0,-2.0400426959720296e+16
0.4290650899052413,0.6787470756784871,0.0,7154711745243491.0
0.4648895819998136,0.6788097219783233,0.0,4312354212099331.5
0.2500046033438457,0.7857154822593595,0.0,-1.6298728392690594e+16
0.2857359867226195,0.7500058023876639,0.0,-1.8949942047966612e+16
0.2500118652893588,0.7500029742422745,0.0,-1.6792658455150508e+16
0.7501947692111263,0.6430099090309449,0.0,-1.3438902804356594e+16
0.7501266018232073,0.6786706081632047,0.0,-1.142104778317203e+16
0.3216496915439594,0.3571952102654554,0.0,1.3112868822701038e+16
0.3215683898016632,0.3214616399390722,0.0,3332524742462067.5
0.6085817839891222,0.4292821881143477,0.0,-9528592958141426.0
0.6437378180144272,0.3933178409657289,0.0,-2.424752614991787e+16
0.6082385917537227,0.3933782747763848,0.0,-1.6126187398436798e+16
0.3215108000680841,0.714308763953184,0.0,-1.9571183319619492e+16
0.3214733164408089,0.7500131656365343,0.0,-1.7625923096064036e+16
0.7147174494873323,0.3931266373926339,0.0,-2.1883249242417836e+16
0.7503402213165146,0.428808509006508,0.0,-2.405462169912332e+16
0.7502672228652917,0.3930365191651191,0.0,-1.3044417932967544e+16
0.7149508142410362,0.4647292877385236,0.0,-1.8747147223430664e+16
0.750426438453651,0.5003131859979406,0.0,-1.1956318413583676e+16
0.7504057776564135,0.4645736270220396,0.0,-1.2506331440985092e+16
0.1785714817910648,0.8928571589268635,0.0,5.384662625328891e+16
0.6786032088171512,0.2143022549792172,0.0,3.3959685071611416e+16
0.6785840700046746,0.1785779506330252,0.0,2.3638208767075988e+16
0.3573898576635279,0.6786447540425221,0.0,-1142355495405387.0
0.3215825847711322,0.6786137877889449,0.0,-1.3746452722639612e+16
0.7503556491108526,0.5717009723902078,0.0,-1.348930604015903e+16
0.7502840259313501,0.6073615884996112,0.0,-1.4288863744847368e+16
0.3932313544856104,0.6786933057015337,0.0,-4887670056393200.0
0.2500022726028533,0.8214292067285773,0.0,3.059716617744226e+16
0.7504149660967389,0.5360236508557841,0.0,-1.1718074243076408e+16
0.3217573968444574,0.392936595520471,0.0,9125265950822366.0
0.6429632573398425,0.2500507402445575,0.0,-2961648799267901.5
0.607279504458066,0.2500595060849657,0.0,-9651634796425148.0
0.4300728814271437,0.4647511467981355,0.0,1.1950503362986306e+16
0.3939933778795438,0.4646119224244665,0.0,5556204183535326.0
0.6786533579823311,0.2500426944370571,0.0,6864158116970887.0
0.6442236085373931,0.4650558722894222,0.0,5677448102226117.0
0.6794135752111837,0.4290696070340563,0.0,-4700026974053468.0
0.6795651478515436,0.4648930102750762,0.0,-1.3361426614666154e+16
0.6792203984888724,0.3932267603688888,0.0,-2.274381672314846e+16
0.5020566950321101,0.5365296274838115,0.0,-1.1713274409774616e+16
0.4661785207892127,0.5006603204593174,0.0,-9031738122354398.0
0.466091954887822,0.5363614324814571,0.0,-2092972399352405.5
0.5734761612310463,0.5367237012689137,0.0,-1.3471351218840848e+16
0.5378901134607302,0.5009365776379731,0.0,-1.3627782940473202e+16
0.5377933195143485,0.5366352049092119,0.0,-8956457849026237.0
0.5733589961319612,0.4651805686448473,0.0,-1.5056746484562552e+16
0.6089603184811956,0.5009620755457354,0.0,-1.9024762453458464e+16
0.6088052022993868,0.4651342421474673,0.0,-1.7520920330063886e+16
0.5019686149315598,0.4650267581359808,0.0,-9221944082736994.0
0.4660432070266473,0.4648874489130954,0.0,-3975049918490346.5
0.5377037991697458,0.4651176613494917,0.0,-7774276750955943.0
0.6089003694531837,0.5366689385594507,0.0,-1.625064191686675e+16
