X,Y,Z,scalars
0,0,0,300.000000000005
1,0,0,349.999999999998
1,1,0,350.000000000001
0,1,0,300
0.047619047619048,0,0,254.009536130502
0.095238095238095,0,0,216.744620743364
0.142857142857143,0,0,185.562747352751
0.19047619047619,0,0,160.905140023466
0.238095238095238,0,0,141.345240321848
0.285714285714286,0,0,125.99279214497
0.333333333333333,0,0,114.645823853715
0.380952380952381,0,0,106.803432131492
0.428571428571429,0,0,102.125011132112
0.476190476190476,0,0,100.410677660942
0.523809523809523,0,0,101.930637228757
0.571428571428571,0,0,106.104422577843
0.619047619047618,0,0,113.732565521706
0.666666666666666,0,0,124.752594378012
0.714285714285713,0,0,139.639182124528
0.76190476190476,0,0,158.616467761233
0.809523809523808,0,0,182.953374927396
0.857142857142856,0,0,212.937481280768
0.904761904761904,0,0,250.557199811688
0.952380952380952,0,0,295.176668615466
1,0.047619047619048,0,350.000000000012
1,0.095238095238095,0,349.999999999996
1,0.142857142857143,0,350.000000000004
1,0.19047619047619,0,349.999999999992
1,0.238095238095238,0,350.000000000003
1,0.285714285714286,0,349.999999999997
1,0.333333333333333,0,350.000000000004
1,0.380952380952381,0,349.999999999995
1,0.428571428571429,0,350.000000000003
1,0.476190476190476,0,349.999999999999
1,0.523809523809523,0,349.999999999999
1,0.571428571428571,0,349.999999999998
1,0.619047619047618,0,349.999999999998
1,0.666666666666666,0,349.999999999999
1,0.714285714285713,0,349.999999999997
1,0.76190476190476,0,350.000000000004
1,0.809523809523808,0,349.999999999999
1,0.857142857142856,0,350.000000000007
1,0.904761904761904,0,349.999999999999
1,0.952380952380952,0,350
0.952380952380952,1,0,295.14845523017
0.904761904761905,1,0,250.49542240107
0.857142857142857,1,0,212.937482815506
0.80952380952381,1,0,182.955829025016
0.761904761904762,1,0,158.612087997702
0.714285714285714,1,0,139.635395348067
0.666666666666667,1,0,124.748178657895
0.619047619047619,1,0,113.732050472939
0.571428571428571,1,0,106.108711281856
0.523809523809524,1,0,101.939328525042
0.476190476190477,1,0,100.421516776317
0.428571428571429,1,0,102.13672326561
0.380952380952382,1,0,106.814164583432
0.333333333333334,1,0,114.656603667622
0.285714285714287,1,0,126.005623107255
0.23809523809524,1,0,141.336732804559
0.190476190476192,1,0,160.89740613468
0.142857142857144,1,0,185.574976720799
0.095238095238096,1,0,216.764939332914
0.047619047619048,1,0,254.02009579052
0,0.952380952380952,0,300
0,0.904761904761905,0,299.999999999998
0,0.857142857142857,0,300.000000000001
0,0.80952380952381,0,300.000000000003
0,0.761904761904762,0,299.999999999999
0,0.714285714285714,0,300.000000000001
0,0.666666666666667,0,300.000000000001
0,0.619047619047619,0,299.999999999994
0,0.571428571428571,0,300.000000000001
0,0.523809523809524,0,300.000000000003
0,0.476190476190477,0,300.000000000001
0,0.428571428571429,0,300
0,0.380952380952382,0,300
0,0.333333333333334,0,300.000000000002
0,0.285714285714287,0,300
0,0.23809523809524,0,299.999999999999
0,0.190476190476192,0,300.000000000001
0,0.142857142857144,0,299.999999999991
0,0.095238095238096,0,300.000000000006
0,0.047619047619048,0,299.999999999996
0.171215940772965,0.171855192203774,0,170.155007505328
0.828144807796226,0.171215940772965,0,193.952119942999
0.739753076917715,0.892659983196557,0,149.264629968752
0.5,0.781281455671699,0,100.829801994809
0.71374711522239,0.29730690951693,0,139.349972397818
0.11603110350217,0.535143156387957,0,202.187148346964
0.507527979912325,0.22271805476364,0,101.117694130588
0.107437788219207,0.741658923491916,0,207.779267637363
0.867329074851182,0.054840555367942,0,220.557517076136
0.885868734479113,0.339530617596976,0,234.459961744667
0.35035354246994,0.292008023246754,0,111.408049450084
0.707738428060322,0.349586254771125,0,137.405530479454
0.649900948968453,0.707931198680174,0,120.432891324228
0.597918471737246,0.483885741545951,0,109.99134463786
0.245867514918631,0.454930026753287,0,138.429765531489
0.200674127813919,0.381090292955145,0,156.076140247114
0.381552723760763,0.798550574489334,0,106.623164168345
0.58849413402918,0.131352267586532,0,108.417339033142
0.589650570321329,0.868746766734065,0,108.581036423484
0.868861511459879,0.588700907747021,0,221.290318684584
0.256657910929538,0.744287751871818,0,134.961735469818
0.901923625965869,0.900429334621594,0,247.246824780766
0.616442970237797,0.749479194519719,0,113.282763469685
0.892594723663714,0.741608417153384,0,239.798928553712
0.43386237347426,0.644219804114629,0,101.820131739574
0.171855192203774,0.828784059227035,0,169.920061793072
0.888063862121845,0.535576311256424,0,236.287093811256
0.285658347725348,0.707732987676721,0,126.049955662394
0.073681161187864,0.327492829884727,0,232.514358558223
0.328347864359681,0.926831401233524,0,115.732149805317
0.32761131176877,0.072563565327609,0,115.860079785095
0.892054269974089,0.14890246986487,0,239.514316973293
0.927436434672392,0.32761131176877,0,270.495190262049
0.176120975957258,0.433038094645679,0,167.950476732771
0.431650339157089,0.177513475861262,0,101.971939931982
0.429911275392537,0.821656408971207,0,102.087978868831
0.490126378493635,0.105410018107288,0,100.549951028804
0.822486524138738,0.431650339157089,0,190.654868114305
0.465762685438687,0.573273705258823,0,100.599149886222
0.184671580451967,0.571775723579612,0,163.615240357755
0.816264403152356,0.567702977915945,0,186.766548311414
0.568334709761591,0.182167755199237,0,105.812315097889
0.568311068233148,0.818036027591409,0,105.833649226244
0.434631618991906,0.458300069037552,0,101.771340474199
0.332274019171964,0.778478952179727,0,114.896351200788
0.221521047820273,0.332274019171965,0,147.555878911503
0.667958368849639,0.221058220384922,0,125.10669369627
0.677799058032351,0.069741098739203,0,127.895743131147
0.930191866780503,0.680903623727782,0,273.125040084091
0.677799058032351,0.930258901260797,0,127.89331179486
0.069808133219498,0.680903623727782,0,235.642940801485
0.584563538987346,0.518471404298248,0,108.06921668532
0.451248849065122,0.263847003908763,0,101.009466505767
0.736152996091237,0.451248849065122,0,147.920495035083
0.550347539145041,0.738745931798536,0,103.920097417511
0.618641240497635,0.367238944978224,0,113.727034276021
0.386750102470531,0.590861556599093,0,106.136043721559
0.783952968443103,0.659328190884919,0,169.402855450263
0.301682199073804,0.49747371443429,0,121.987970199643
0.261830789881862,0.886587462129693,0,133.124214481796
0.535576311256424,0.111936137878155,0,102.586778915283
0.1113515772936,0.261032186778136,0,205.007644863916
0.359747035782571,0.846700175453714,0,109.900203096111
0.642870379269411,0.647723204754088,0,118.751004210771
0.561890501359868,0.666473424345743,0,105.065163092944
0.668278066277467,0.606445673041425,0,125.324702787661
0.894450057698407,0.489584619943237,0,241.349607612458
0.319195442839381,0.580877184564821,0,117.713823374471
0.535576311256424,0.888063862121845,0,102.609106854184
0.741594450100048,0.105361196852131,0,150.130379946368
0.440236456728971,0.333020972181912,0,101.449693470281
0.251916929077727,0.409684364929839,0,136.45182770461
0.599153986999835,0.256023558127655,0,110.19041185098
0.398443695100631,0.743226972949002,0,104.656358955864
0.743676349581279,0.597757183622317,0,150.955505733643
0.399979006468848,0.517207452060375,0,104.478439303058
0.098076374034131,0.099570665378406,0,214.004273896472
0.900429334621594,0.098076374034131,0,246.066043003937
0.704464482703454,0.808206380666724,0,136.265959690256
0.318490863933845,0.618819797912661,0,117.895813171193
0.318664124063656,0.965970413132562,0,117.833346606409
0.033795449453202,0.318462300757745,0,266.656082634176
0.318731197632759,0.033241022026767,0,117.811530329818
0.702657829351694,0.902061049349606,0,135.676196022225
0.470507864538566,0.232702031121675,0,100.598172775439
0.767414709105006,0.469923439941923,0,161.450897760084
0.923766260629738,0.184895065719098,0,266.960917004586
0.159692345711057,0.769684947352331,0,176.015936607165
0.840307654288943,0.769684947352331,0,201.438824523646
0.695812686878445,0.644263855096564,0,133.358285282506
0.3005793779071,0.355800180302617,0,122.116321765679
0.610195004216554,0.400505272753115,0,112.169197763081
0.14890246986487,0.107945730025911,0,182.172522368739
0.590584785797027,0.619107012878333,0,108.759623387769
0.646618681674693,0.300155127724678,0,119.719168649747
0.299815220658806,0.437866429816393,0,122.131951076579
0.64690512323748,0.493908966049203,0,119.679825112909
0.058281585714192,0.058281585714192,0,244.941201783994
0.058281585714192,0.941718414285808,0,244.973797436304
0.941718414285808,0.941718414285808,0,284.29680254663
0.941718414285808,0.058281585714192,0,284.343775401034
0.055611314651566,0.560481482603498,0,247.120494903346
0.562714203906478,0.945175985204975,0,105.206901780789
0.945175985204975,0.562714203906477,0,287.759063034302
0.562714203906478,0.054824014795025,0,105.200094859533
0.851452497366198,0.301577530049762,0,209.184434572475
0.301577530049762,0.148547502633802,0,121.836934809332
0.847218588796757,0.699476007701509,0,206.401663499426
0.147098458493517,0.697686537071336,0,183.332934749386
0.25808216239058,0.25161685608581,0,134.330772317318
0.748061599291004,0.256657058400843,0,152.712224130425
0.747734353238459,0.739064849956088,0,152.563840678445
0.285083562042717,0.943011922664843,0,126.209767340759
0.055231604639532,0.285051627770251,0,247.220455290775
0.286260704277848,0.053736719919078,0,125.883733473054
0.946263280080923,0.286260704277848,0,288.468248947106
0.620328790409352,0.204817509893283,0,113.909261811262
0.54151011877013,0.408843095663579,0,103.142640460953
0.201030315789816,0.206792348702136,0,156.289212220598
0.794247437202278,0.798396330222435,0,174.682358470514
0.792337965144315,0.200662244113241,0,173.666036082851
0.206815165933671,0.798910799622278,0,153.68926878732
0.12421654809921,0.148806139258275,0,196.908331761031
0.876246670135358,0.851054523465069,0,226.986439218216
0.851193860741725,0.12421654809921,0,208.778941406394
0.147750267735395,0.876474697838863,0,182.736467363184
0.077564043734984,0.526182728377123,0,229.447247288616
0.803190782974642,0.389763388608023,0,179.388146566331
0.389763388608022,0.196809217025358,0,105.713369102432
0.368412281903081,0.484858085780016,0,108.622892573565
0.599859765440134,0.70015213142356,0,110.314124938017
0.70015213142356,0.400140234559866,0,134.723630168026
0.400140234559866,0.299847868576439,0,104.514592916217
0.454210295611636,0.524195774466941,0,100.750815166163
0.3858828948287,0.111852975472047,0,106.160563394995
0.111313115657031,0.389723821868695,0,205.362148409045
0.386751743155143,0.888832769132169,0,106.067631439186
0.888147024527953,0.3858828948287,0,236.213781336584
0.616376948652295,0.803416394084449,0,113.180159284855
0.522733627285888,0.452477283041567,0,101.802226776657
0.328287365041961,0.395654503090984,0,115.759139885004
0.440174825231691,0.042970805385113,0,101.45633384876
0.440174825231692,0.957029194614887,0,101.469471478603
0.042970805385114,0.440174825231692,0,258.080548405127
0.957029194614887,0.440174825231691,0,299.991257669664
0.253973952529666,0.675295781635349,0,135.830390693608
0.789569234759285,0.611969353615456,0,172.105721935702
0.540979209639317,0.52767567736018,0,103.035259916108
0.873094861672936,0.189361096827136,0,224.527470646716
0.96065655761696,0.095165483965049,0,303.817821593064
0.904836416099257,0.960655811476693,0,250.004301138899
0.095058474315262,0.96084731699751,0,216.427559691957
0.96085087511027,0.904925318872504,0,304.082381630988
0.03914912488973,0.095074681127496,0,261.486181692549
0.904925318872504,0.03914912488973,0,250.181036060343
0.669027027016152,0.182377291926608,0,125.470478226109
0.536808525925225,0.777459343808958,0,102.741432633045
0.541185091623352,0.330333628050596,0,103.223626505871
0.323156165969094,0.68653444237151,0,116.839236691006
0.097444073349571,0.570549317773696,0,214.801596743975
0.571096327854636,0.093149833729515,0,106.245879751788
0.906850166270485,0.571096327854636,0,251.996978616675
0.571096327854636,0.906850166270485,0,106.256532745249
0.744689104338241,0.336322194744707,0,151.478157574223
0.336638891227162,0.25537453504706,0,114.041051187562
0.40380310186784,0.427319431317381,0,104.143242285609
0.339530617596976,0.114131265520887,0,113.480832108719
0.471757635996586,0.190532815615979,0,100.457870407526
0.468879709155757,0.808113095187122,0,100.54396731245
0.191471137066656,0.468599494145319,0,160.353926205191
0.809274790625487,0.471551213511027,0,182.805854413687
0.102126931186939,0.301940555149075,0,211.631619134424
0.342464257252805,0.886041827873802,0,112.945241855211
0.430135330888523,0.717158285524337,0,102.045632072303
0.544100335712747,0.151250318732375,0,103.354010040373
0.775782360122999,0.574177618373331,0,165.33465448724
0.42993105920188,0.491064273574385,0,102.103468936462
0.674435133415314,0.677060706904622,0,127.001030466722
0.324674366874943,0.324415655445146,0,116.483454147476
0.679564084750004,0.324164697592553,0,128.399841230916
0.358629882565711,0.750385865006131,0,110.14089059987
0.831045304930996,0.60478390737297,0,195.907179087052
0.604392407607152,0.167858479236314,0,111.202313210007
0.705663433648743,0.608580455380088,0,136.746346219359
0.609099204619685,0.294753019774542,0,111.958191425509
0.427041102171048,0.602846270881317,0,102.277859101733
0.621166521819258,0.526101703590742,0,114.227430118006
0.297718088526302,0.803377049378921,0,122.861578739396
0.198492654660657,0.297537744662997,0,157.208362338197
0.381591637009995,0.556231412993367,0,106.826100946094
0.685906675511498,0.032632100801182,0,130.330436008559
0.967367899198818,0.685906675511498,0,311.520268063465
0.685906675511499,0.967367899198818,0,130.323459819781
0.032632100801182,0.685906675511498,0,267.742885295894
0.628373883490117,0.602327391395928,0,115.71000764923
0.696645125047667,0.200737329474526,0,133.707354281939
0.477140703381329,0.658759142278491,0,100.54200188031
0.522320632921925,0.037560114391353,0,101.643527594451
0.522320632921924,0.962439885608647,0,101.653086520031
0.962439885608647,0.522320632921924,0,305.993610650387
0.290304146658952,0.396464397398196,0,124.878806830188
0.283296393407664,0.471222995135783,0,126.812463688003
0.855257723310963,0.733237501273988,0,211.841758502045
0.140950894755318,0.724677390857776,0,186.881048214861
0.85570991912226,0.266787318312275,0,212.129365173695
0.266787318312275,0.144290080877741,0,131.679301550948
0.189361096827136,0.126905138327064,0,161.590443934312
0.126905138327063,0.810638903172864,0,195.151953824621
0.775379988994911,0.42938911356658,0,165.10286262283
0.42938911356658,0.224620011005089,0,102.004947512547
0.304834020475702,0.231833851021174,0,121.030275772695
0.768201891978289,0.304513834946674,0,161.73039529383
0.666227818851045,0.111725226718839,0,124.711456252701
0.669969763845061,0.882193445946043,0,125.682708465128
0.195882576581622,0.621966109754507,0,158.393704823864
0.954472118073534,0.64249944527322,0,296.92844080117
0.641823363648461,0.042880979920572,0,118.55005277548
0.045350747577442,0.642259738715878,0,255.699242020019
0.641823363648461,0.957119020079428,0,118.547848558323
0.895608054063806,0.647320865931305,0,242.134030209692
0.103783822500015,0.648871178486447,0,210.203435175905
0.873696454793318,0.80846966657415,0,225.171139685799
0.721788033515139,0.051852278424049,0,142.273230242387
0.042515883604316,0.72091201501818,0,258.672520521184
0.031163373506095,0.791999003593274,0,269.186125263964
0.957427878562645,0.720897467412312,0,300.650704003826
0.721524980203378,0.947865033011477,0,142.16386005237
0.477075023409311,0.454996376989324,0,100.498950814163
0.455037872242318,0.373346909695581,0,100.680448408607
0.752835029311552,0.696721018906537,0,154.772555436664
0.418062750478803,0.560473708915754,0,102.926375056447
0.155959256023673,0.538945904134268,0,178.435360236611
0.810623994401407,0.87174950769066,0,183.800022256457
0.617437129900135,0.440162567920768,0,113.399098420385
0.540074511438597,0.624537488166323,0,103.006169915991
0.27594028977794,0.597723278615256,0,128.84003668809
0.579392743636588,0.77192327327953,0,107.242478796648
0.594442506501111,0.563054388374168,0,109.362125121231
0.70422194141576,0.758339339779121,0,136.148470798176
0.125585147233109,0.190371854094428,0,196.218571892298
0.809233924415091,0.125676145554779,0,182.997202650828
0.189238664554249,0.875276328613023,0,161.605257731368
0.707834290106238,0.242139830475366,0,137.321803921868
0.29318342662341,0.759771767398162,0,124.042379845918
0.244456577765684,0.293133439138304,0,138.96728675681
0.107702197123554,0.851197906628665,0,207.786142436293
0.85296214484225,0.89164363001444,0,210.113291743619
0.445892205091919,0.683484261923414,0,101.295206866555
0.037560114391353,0.522320632921925,0,263.095557667747
0.600782027700669,0.035445142328565,0,110.524012489262
0.964025477270256,0.600917244025621,0,307.836664029413
0.035749372507161,0.599952933601165,0,264.907661761571
0.60078202770067,0.964554857671435,0,110.524649939322
0.260247117888005,0.508431991882434,0,133.703317815388
0.300244952696102,0.539399744587142,0,122.164145218727
0.427111412863677,0.78282552390659,0,102.259486706671
0.40026260252027,0.350112615718334,0,104.434456372099
0.958233543944337,0.830822217925637,0,301.553953748509
0.170865467622386,0.96732069092078,0,170.573036920359
0.830841781780309,0.041751235513368,0,195.757308851376
0.304842210002573,0.897653960649326,0,121.134803047467
0.121393093709492,0.338872377594357,0,198.619209992332
0.960095175112852,0.360736353069559,0,303.187911739216
0.360736353069559,0.039904824887149,0,109.723298485427
0.040064481438613,0.360719427086125,0,260.600909926824
0.360841574868261,0.960008741764442,0,109.717235293515
0.041751235513368,0.169158218219691,0,259.303587981218
0.961970666816338,0.173093158137615,0,305.647939768177
0.173093158137615,0.038029333183662,0,169.427013218148
0.038027679427312,0.826906478789654,0,262.908432498247
0.826697226881292,0.960216419313205,0,193.242423619942
0.230249461592665,0.588375473884204,0,144.178264890436
0.652099069002103,0.398777254596901,0,121.001529619869
0.554545301030626,0.486992800730349,0,104.273306568625
0.504245098084421,0.593619133680591,0,100.921850365649
0.492615744152215,0.261792270314903,0,100.613829648199
0.357915497725196,0.574477840096277,0,110.312302968947
0.508745822311771,0.741154075211751,0,101.069159558576
0.468421706479802,0.299686921952093,0,100.574022606573
0.531542235920268,0.700508565284827,0,102.359352833929
0.209286668245671,0.032075368438761,0,152.684699573338
0.738371557942556,0.492306075365184,0,148.806687645501
0.697788689520002,0.471038775459697,0,133.998293913959
0.352246129458536,0.609100782262375,0,111.199892160998
0.391272980676607,0.632170296963877,0,105.562596304238
0.536300688267845,0.845646115601052,0,102.718624276945
0.523883890552033,0.185036271130383,0,101.821540700931
0.847718674059453,0.541315220360538,0,206.801586839051
0.143394468347302,0.454332652592021,0,185.368576409575
0.455057252197199,0.142557272514219,0,100.831576861005
0.454852943486838,0.854865949202949,0,100.852601675666
0.855007305330113,0.455173413714235,0,211.556946552264
0.50252682917866,0.549177712841112,0,100.80572645029
0.576059917535594,0.222689349603397,0,106.907782869806
0.302228241623116,0.106564055941877,0,121.733951935629
0.893435944058124,0.302228241623116,0,240.490697662747
0.665029108815425,0.747420602717313,0,124.320442414077
0.328451546189545,0.467742790286709,0,115.728434127532
0.602694296755536,0.659612829282515,0,110.903980391397
0.781896767794409,0.895090120462373,0,168.442626418291
0.663790888645373,0.532964782666954,0,124.12780056621
0.891364413470244,0.698360715562102,0,238.858834982389
0.108402850011378,0.698353700191405,0,207.264803659823
0.893526630573009,0.219756857017177,0,240.67554579117
0.219756857017177,0.106473369426991,0,148.443737715886
0.1062810497127,0.78005728002481,0,208.647702020579
0.643130687238051,0.256446154075462,0,118.862616051082
0.1500626751079,0.403319679894186,0,181.475055152709
0.403014252412799,0.849740657389209,0,104.25711132519
0.406497216007997,0.148671777088016,0,103.880756358724
0.851038291702976,0.406511044760025,0,208.775949101054
0.466535720487397,0.616078553435724,0,100.638972881996
0.256168471744279,0.361611250835735,0,134.982138685096
0.447554373459417,0.419272152803324,0,101.104675200011
0.220050018647797,0.540769117084223,0,148.195871115361
0.214862637211284,0.425260599405693,0,150.45810818661
0.372503695243303,0.390449718306306,0,107.980842437916
0.820965297791074,0.674234985411281,0,189.775604912434
0.100021701757207,0.220224124653228,0,213.057381350219
0.219851313295553,0.900160287507819,0,148.378792466293
0.78118378003051,0.104962895403305,0,168.162861050513
0.892711834540613,0.779525788215727,0,239.980165447324
0.74385576961913,0.643657322738322,0,150.912089050997
0.785882094329869,0.542143494867288,0,170.372135714255
0.178695901109834,0.331749544756723,0,166.472386124856
0.329861422751737,0.819092886405779,0,115.429968005199
0.09516548396505,0.03934344238304,0,216.31956462441
0.039325857440513,0.904830655361583,0,261.303909704647
0.631067784311705,0.113650657402752,0,116.258729442682
0.631067784311705,0.886349342597248,0,116.248047053037
0.848826393407467,0.636848503956371,0,207.360865137298
0.180322083223049,0.922607383477937,0,165.620736328526
0.352183234035736,0.160438244328696,0,111.088857169776
0.572482004506273,0.363992001193379,0,106.237108243847
0.356614274243224,0.437703745877457,0,110.324340821837
0.153358327700505,0.361670840791289,0,179.818251952884
0.640411996228487,0.153096384266205,0,118.153692155295
0.814953754441261,0.081303172754179,0,186.06679257833
0.704432127067402,0.710620794899934,0,136.077157147409
0.777894211870838,0.505121948201701,0,166.30652908199
0.297802918701365,0.286788887397573,0,122.717637421341
0.5,0.5,0,100.730403939164
0.851695611771456,0.499596883573659,0,209.303776002001
0.64064072783585,0.566502129307008,0,118.28833750728
0.259140424310844,0.106223526137525,0,134.101091797034
0.611273613988548,0.330621893601849,0,112.224799616943
0.157857037438194,0.602627492687166,0,177.363424182794
0.91856897469054,0.814789418062019,0,262.17384669841
0.147414252214516,0.638133517959604,0,182.938073754549
0.893776473862475,0.259140424310844,0,240.679582969126
0.489558368857547,0.89444748318477,0,100.550425161075
0.637793162625102,0.847518734448764,0,117.655061326085
0.08130317275418,0.185046245558739,0,226.51986853239
0.099197104839127,0.901841612890017,0,213.332783333458
0.782611945929174,0.239691702473743,0,168.660114772944
0.839561755671304,0.352183234035736,0,201.051389796327
0.666979027818088,0.440236456728972,0,124.904208316277
0.829583179092074,0.827761714890558,0,194.793205498713
0.815619971974382,0.923564009389679,0,186.363430176921
0.749479194519719,0.383557029762203,0,153.189457844733
0.383557029762203,0.250520805480281,0,106.444227444585
0.096901120064935,0.437316359310848,0,214.88229816323
0.437316359310848,0.096901120064935,0,101.512499525021
0.107871615177069,0.488170566294054,0,207.534008883716
0.437316359310848,0.903098879935065,0,101.53706958417
0.903098879935065,0.437316359310848,0,248.284860662471
0.205101327975651,0.258772521993405,0,154.248134268067
0.258772521993404,0.794898672024349,0,134.099347408982
0.743609119202832,0.793558174140025,0,150.804037794908
0.738850154691253,0.202805977984426,0,148.742815544698
0.274070558205517,0.197890195297473,0,129.351406286591
0.182123031341432,0.716002846181891,0,164.872910175406
0.802109804702527,0.274070558205517,0,178.735202173489
0.800911216915233,0.72401484000671,0,178.04559860486
0.491984308857372,0.410745543840028,0,100.604782134144
0.57016306137485,0.450217625101557,0,106.024396303806
0.549963686297899,0.576301986280137,0,103.843217029778
0.242892926601241,0.632850173861581,0,139.484471427158
0.650152737372407,0.35376256291759,0,120.593981377282
0.184895065719098,0.076233739370262,0,163.430044204478
0.076233739370262,0.815104934280902,0,230.497233955057
0.514385441334268,0.302320822402074,0,101.30815168711
0.485182725603095,0.701586640739444,0,100.476553599402
0.350037970139486,0.654991209946662,0,111.413943481859
0.70071139847413,0.514556277800662,0,134.951643709202
0.60889638047222,0.079520716927228,0,111.874565945503
0.60889638047222,0.920479283072772,0,111.868486000189
0.920479283072772,0.60889638047222,0,263.901476831369
0.077784800306795,0.606547256210256,0,229.390180222173
0.34898384031795,0.354300732854813,0,111.685406842446
0.220504102798057,0.498553928930853,0,148.109894650749
0.810764495628357,0.313803408282739,0,183.894071462501
0.3138491490726,0.189240610514424,0,118.931275299672
0.66698226127756,0.823428772589105,0,124.779549878562
0.737116080774587,0.144514770142037,0,148.274940382828
0.165115135882035,0.264355960502807,0,173.513324261576
0.70365115930613,0.098147061603093,0,136.001096296195
0.735632843866401,0.836136947969334,0,147.727515267748
0.266564790912981,0.835101748786396,0,131.748403423246
0.570647815260594,0.303829705022678,0,106.104132598181
0.696307286542237,0.569277002314875,0,133.415399764661
0.212386744299132,0.672157976933149,0,151.370600795297
0.349794176847535,0.535318264061727,0,111.542718645212
0.863785610144674,0.942157597247851,0,217.777675025718
0.136258185577561,0.05782520451745,0,189.531791020642
0.132670925148818,0.945159444632058,0,191.704280854053
0.94217479548255,0.136258185577561,0,284.616803965125
0.945159444632058,0.867329074851182,0,287.973859007318
0.054840555367942,0.132670925148818,0,247.989275233398
0.05779343916547,0.863734840521431,0,245.273639659463
0.401461537215742,0.687370608585966,0,104.360278318624
0.154934479274348,0.225266536816918,0,178.723883007036
0.225380622974593,0.844771097786123,0,146.006652882814
0.772762355730676,0.155389470882699,0,163.743366664519
0.776112380213068,0.844561593007707,0,165.362532275485
0.233469291928985,0.940305663309954,0,142.932015410847
0.938391365266551,0.763076491936751,0,280.771802779183
0.767374415465472,0.057084490972736,0,161.339618522856
0.059774580844192,0.233639601141812,0,243.751646381453
0.235072645581138,0.063312097589046,0,142.373658271791
0.936687902410954,0.235072645581138,0,279.425683229227
0.767374415465472,0.942915509027264,0,161.310853973521
0.061136236935912,0.763198691826036,0,242.356543341059
0.356976568810565,0.709408960446392,0,110.344974559109
0.139545335930165,0.573729484014075,0,187.596106130566
0.545974412187719,0.252687045404997,0,103.439359933746
0.510949455796754,0.35766941760195,0,101.089464215802
0.29503448745388,0.651406534174189,0,123.456323004215
0.456788973062928,0.750866864566952,0,100.735664690694
0.748003310630638,0.546116735225993,0,152.622759296713
0.966758977973233,0.318731197632759,0,310.813838260465
0.477419752039189,0.334955597902724,0,100.527407322689
0.187680714313829,0.519328837129636,0,162.347849501194
0.273365115261776,0.324516619847778,0,129.547261616618
0.603032937457968,0.834429480714671,0,110.957182242842
0.256007902050031,0.030426189293573,0,135.162574996708
0.969573810706427,0.25600790205003,0,313.944513191625
0.255048044922941,0.969710841822098,0,135.453327901734
0.030166984085957,0.255058130559993,0,270.036501146946
0.677395483553972,0.27244399427494,0,127.754179027139
0.216326372079639,0.756019375430629,0,149.634487913887
0.238551668647528,0.216629078812286,0,141.232001997692
0.783531538395635,0.760766551626637,0,169.114240986795
0.516571571815456,0.663938980366776,0,101.449272442068
0.02647515833331,0.97352484166669,0,273.806899046899
0.028288841510367,0.028288841510367,0,272.096492036688
0.971711158489633,0.028288841510367,0,316.748121590554
0.970415670506022,0.970415670506022,0,315.28514636955
0.645162881063156,0.083503735941719,0,119.434104439331
0.64591127006196,0.915279998591257,0,119.596407598622
0.234521059817459,0.711916119954926,0,142.568877464727
0.967924631561239,0.209286668245671,0,311.856741782881
0.796224037149944,0.96533918754603,0,175.792269386902
0.208000996406726,0.968836626493904,0,153.228285264551
0.968836626493904,0.791999003593274,0,313.220906265826
0.031163373506096,0.208000996406726,0,268.806582575656
0.796919704623122,0.036027779848057,0,176.16853988203
0.403778357487532,0.972713779166651,0,104.256426287712
0.027290032953458,0.403771998273551,0,272.687785305356
0.972718279028604,0.403772879468024,0,317.425426301208
0.403772879468024,0.027281720971395,0,104.245604166534
0.81478829763491,0.521238623071693,0,186.13289069354
0.912077316964231,0.854049122887112,0,256.639092421804
0.087922683035769,0.145950877112888,0,221.838698878302
0.854049122887112,0.087922683035769,0,211.029978611066
0.138409443960805,0.910959653508853,0,188.462568825791
0.526182728377123,0.077564043734984,0,101.935112195775
0.922435956265016,0.526182728377123,0,265.779495799155
0.526182728377123,0.922435956265016,0,101.948302931795
0.543947497709886,0.214047485835392,0,103.409275995248
0.121771442012703,0.607532628128035,0,198.495147817673
0.719061937111448,0.675163100472382,0,141.389957787739
0.582090587341486,0.732496427771833,0,107.682512761795
0.56440991824787,0.702181607837818,0,105.454030939596
0.706717564383599,0.435482941302821,0,137.093727005933
0.733056506665873,0.417410208532525,0,146.725307797657
0.434959527506842,0.292777557910819,0,101.818881767559
0.417356798961506,0.266891975200904,0,103.021034063342
0.461158533402737,0.48783701165524,0,100.743519444812
0.518289894773582,0.81370270042498,0,101.472562428686
0.57808676368742,0.414895948889674,0,107.163009201138
0.397604035326161,0.465566776441816,0,104.84379922063
0.362556555555097,0.91981489996475,0,109.528540651629
0.36162770308072,0.080218574277576,0,109.664219287096
0.919781425722424,0.36162770308072,0,263.473307920822
0.082676370145111,0.363798111589292,0,225.712874360729
0.861121950046244,0.158424013891045,0,216.108563331335
0.138553198847447,0.841773891716857,0,188.391968472567
0.158424013891045,0.138878049953756,0,177.214689273589
0.324979735144349,0.732052162513107,0,116.432063071842
0.842353997117772,0.860552344015182,0,203.351843787913
0.788879302581412,0.689951732871379,0,172.067575641894
0.335574695479901,0.501037945935112,0,114.341749324299
0.813867331398126,0.638022937610302,0,185.616797074338
0.642197822898218,0.777551370844174,0,118.770687967432
0.169798392185409,0.6689821178317,0,171.072041360344
0.366840179920441,0.322460110087002,0,108.835772748157
0.68074529343294,0.370055094090986,0,128.827405916536
0.629746630621992,0.680889692664331,0,116.017100224607
0.863401362719858,0.669630666346244,0,217.621688650146
0.134606853906079,0.669200663588889,0,190.596533499797
0.921994049548731,0.720969343158466,0,265.585164918041
0.077860178398062,0.721005390851064,0,229.438492335939
0.503598753189581,0.63176862138583,0,100.975662237645
0.675009506811047,0.7818577614383,0,127.162191146085
0.257219350521228,0.556315539082735,0,134.751618163856
0.413910613943031,0.392624125437832,0,103.27751293187
0.485648717842089,0.061717134544501,0,100.499121247909
0.9382828654555,0.485648717842089,0,280.637607027047
0.061717134544501,0.485648717842089,0,241.87029094489
0.485648717842089,0.9382828654555,0,100.51016488688
0.784278891910484,0.346646944726601,0,169.499571011592
0.346646944726601,0.215721108089516,0,112.146373069554
0.153428190894823,0.49732885490354,0,179.682592623485
0.499439377059518,0.851680164689638,0,100.780713764795
0.502847434876045,0.147464843062711,0,100.876128468369
0.305833419000593,0.849185245880048,0,120.69568042269
0.699555784575054,0.155305326601305,0,134.446831733501
0.704242267759966,0.857327883333156,0,136.093226944305
0.148977219104209,0.297253753717902,0,182.273987306917
0.06264024018019,0.394377338139594,0,241.32224610185
0.394377338139595,0.93735975981981,0,105.180868278707
0.394377338139595,0.06264024018019,0,105.170718905957
0.93735975981981,0.394377338139594,0,279.88969345925
0.840307654288943,0.230315052647669,0,201.375010520166
0.230315052647669,0.159692345711057,0,144.014614700883
